<?xml version="1.0" standalone="yes"?>
<mi:PackageInstaller xmlns:mi="http://www.composite.net/ns/management/packageinstaller/1.0">
	<mi:PackageRequirements minimumCompositeVersion="5.2.0.0" maximumCompositeVersion="9.9999.9999.9999" />
	<mi:PackageInformation name="Composite.Versioning.ContentVersioning" groupName="Composite.Versioning" version="2.6.6" author="Orckestra A/S" website="https://c1.orckestra.com" readMoreUrl="https://docs.c1.orckestra.com/Composite.Versioning.ContentVersioning" id="ca49c9e6-a0db-4c77-b4eb-eca60126be4c" canBeUninstalled="true" systemLocking="hard" flushOnCompletion="false" reloadConsoleOnCompletion="true">
		<Description>Allows you to version-control changes to pages, data items and media files.</Description>
		<TechnicalDetails>Allows you to version-control changes to pages, data items and media files.</TechnicalDetails>
	</mi:PackageInformation>
	<mi:PackageFragmentInstallerBinaries>
		<mi:Add path="~\Bin\Composite.Versioning.ContentVersioning.dll" />
	</mi:PackageFragmentInstallerBinaries>
	<mi:PackageFragmentInstallers>
		<mi:Add installerType="Composite.Core.PackageSystem.PackageFragmentInstallers.PackageLicenseFragmentInstaller, Composite" uninstallerType="Composite.Core.PackageSystem.PackageFragmentInstallers.PackageLicenseFragmentUninstaller, Composite">
			<RSAKeyValue>
				<Modulus>uAbSvVwlt2Z1oCbKIFy8aqx4Lh+MTB4af2w3OvoB6f5tKxepwnNTXMGmK1Rn853VPzZ0gEckzTQQKh+9qdyoZSe/4ifEAXQZehNbpEniojqWL6qvK203mUV3isdMwW401F2OC+NQxZMBh0yFPNzi8HWClPyr4xkIszpRovjPpUk=</Modulus>
				<Exponent>AQAB</Exponent>
			</RSAKeyValue>
		</mi:Add>
		<mi:Add installerType="Composite.Core.PackageSystem.PackageFragmentInstallers.ConfigurationTransformationPackageFragmentInstaller, Composite" uninstallerType="Composite.Core.PackageSystem.PackageFragmentInstallers.ConfigurationTransformationPackageFragmentUninstaller, Composite">
			<Install xsltFilePath="~\Composite.config\Install.xsl" />
			<Uninstall xsltFilePath="~\Composite.config\Uninstall.xsl" />
		</mi:Add>
		<mi:Add installerType="Composite.Core.PackageSystem.PackageFragmentInstallers.FilePackageFragmentInstaller, Composite" uninstallerType="Composite.Core.PackageSystem.PackageFragmentInstallers.FilePackageFragmentUninstaller, Composite">
			<Files>
				<File sourceFilename="~\Composite\InstalledPackages\localization\Composite.Versioning.ContentVersioning.en-us.xml" targetFilename="~\Composite\InstalledPackages\localization\Composite.Versioning.ContentVersioning.en-us.xml" allowOverwrite="true" />
				<File sourceFilename="~\App_Data\Composite\TreeDefinitions\Composite.Versioning.ContentVersioning.xml" targetFilename="~\App_Data\Composite\TreeDefinitions\Composite.Versioning.ContentVersioning.xml" allowOverwrite="true" />
				<File sourceFilename="~\Bin\Composite.Versioning.ContentVersioning.dll" targetFilename="~\Bin\Composite.Versioning.ContentVersioning.dll" allowOverwrite="true" />
			</Files>
			<Directories>
				<Directory sourceDirectory="~\Composite\InstalledPackages\content\views\Composite.Versioning.ContentVersioning\" targetDirectory="~\Composite\InstalledPackages\content\views\Composite.Versioning.ContentVersioning\" allowOverwrite="true" deleteTargetDirectory="false" />
				<Directory sourceDirectory="~\Composite\InstalledPackages\services\Composite.Versioning.ContentVersioning\" targetDirectory="~\Composite\InstalledPackages\services\Composite.Versioning.ContentVersioning\" allowOverwrite="true" deleteTargetDirectory="false" />
			</Directories>
		</mi:Add>
	</mi:PackageFragmentInstallers>
</mi:PackageInstaller>